{
  "folder_name": "test",
  "block_id": "5240e778a79342589f4faf2fd5d2fc2d",
  "data": [
    {
      "name": ".DS_Store",
      "path": "5240e778a79342589f4faf2fd5d2fc2d/upload_ready/test/.DS_Store",
      "md5": "194577a7e20bdcc7afbb718f502c134c",
      "link": "http://office-cdn-1.xialiwei.com/5240e778a79342589f4faf2fd5d2fc2d_s_194577a7e20bdcc7afbb718f502c134c",
      "cdn_type": "public"
    }
  ],
  "tree": [
    {
      "root": "upload_ready/test",
      "dirs": [],
      "files": [
        ".DS_Store"
      ],
      "files_data": [
        {
          "name": ".DS_Store",
          "path": "5240e778a79342589f4faf2fd5d2fc2d/upload_ready/test/.DS_Store",
          "md5": "194577a7e20bdcc7afbb718f502c134c",
          "link": "http://office-cdn-1.xialiwei.com/5240e778a79342589f4faf2fd5d2fc2d_s_194577a7e20bdcc7afbb718f502c134c",
          "cdn_type": "public"
        }
      ]
    }
  ]
}