{
  "folder_name": "test",
  "block_id": "d0a42ad84c8e455abe9d7ad5c4618224",
  "data": [
    {
      "name": ".DS_Store",
      "path": "d0a42ad84c8e455abe9d7ad5c4618224/upload_ready/test/.DS_Store",
      "md5": "fabba87e387e5279278ec509f6efb299",
      "link": "http://office-cdn-1.xialiwei.com/d0a42ad84c8e455abe9d7ad5c4618224_s_fabba87e387e5279278ec509f6efb299",
      "cdn_type": "public"
    },
    {
      "name": "2021彭庄能力报告定稿(1).docx",
      "path": "d0a42ad84c8e455abe9d7ad5c4618224/upload_ready/test/2021彭庄能力报告定稿(1).docx",
      "md5": "43f380a88dc8131eb5cb78b2c9c7fca6",
      "link": "http://office-cdn-1.xialiwei.com/d0a42ad84c8e455abe9d7ad5c4618224_s_43f380a88dc8131eb5cb78b2c9c7fca6",
      "cdn_type": "public"
    },
    {
      "name": "隔爆设施管理台账2022.10.01 -新.xlsx",
      "path": "d0a42ad84c8e455abe9d7ad5c4618224/upload_ready/test/通防资料/隔爆设施管理台账2022.10.01 -新.xlsx",
      "md5": "d9c572d6b21ae17dded575e35807b328",
      "link": "http://office-cdn-1.xialiwei.com/d0a42ad84c8e455abe9d7ad5c4618224_s_d9c572d6b21ae17dded575e35807b328",
      "cdn_type": "public"
    },
    {
      "name": ".DS_Store",
      "path": "d0a42ad84c8e455abe9d7ad5c4618224/upload_ready/test/通防资料/.DS_Store",
      "md5": "344b640ad3faeaa8da8b3223cbf0268b",
      "link": "http://office-cdn-1.xialiwei.com/d0a42ad84c8e455abe9d7ad5c4618224_s_344b640ad3faeaa8da8b3223cbf0268b",
      "cdn_type": "public"
    },
    {
      "name": "彭庄煤矿安全监控系统及检测仪器使用管理规定(2021.10.10.wps",
      "path": "d0a42ad84c8e455abe9d7ad5c4618224/upload_ready/test/通防资料/安全监控资料/彭庄煤矿安全监控系统及检测仪器使用管理规定(2021.10.10.wps",
      "md5": "6796803426dc27d556a8cd52b774e218",
      "link": "http://office-cdn-1.xialiwei.com/d0a42ad84c8e455abe9d7ad5c4618224_s_6796803426dc27d556a8cd52b774e218",
      "cdn_type": "public"
    },
    {
      "name": "矿井安全监测监控管理机构及其职责2022.2.10.doc",
      "path": "d0a42ad84c8e455abe9d7ad5c4618224/upload_ready/test/通防资料/安全监控资料/矿井安全监测监控管理机构及其职责2022.2.10.doc",
      "md5": "ff36492abdec6c359509938ff6e949e8",
      "link": "http://office-cdn-1.xialiwei.com/d0a42ad84c8e455abe9d7ad5c4618224_s_ff36492abdec6c359509938ff6e949e8",
      "cdn_type": "public"
    },
    {
      "name": "手动断电功能测试记录表 .xls",
      "path": "d0a42ad84c8e455abe9d7ad5c4618224/upload_ready/test/通防资料/安全监控资料/监控台账类/手动断电功能测试记录表 .xls",
      "md5": "03e67ff9216106bf2365ecc50518b501",
      "link": "http://office-cdn-1.xialiwei.com/d0a42ad84c8e455abe9d7ad5c4618224_s_03e67ff9216106bf2365ecc50518b501",
      "cdn_type": "public"
    },
    {
      "name": "一氧化碳传感器调试记录.xls",
      "path": "d0a42ad84c8e455abe9d7ad5c4618224/upload_ready/test/通防资料/安全监控资料/监控台账类/一氧化碳传感器调试记录.xls",
      "md5": "d9202936d937225685f530e0378aceb5",
      "link": "http://office-cdn-1.xialiwei.com/d0a42ad84c8e455abe9d7ad5c4618224_s_d9202936d937225685f530e0378aceb5",
      "cdn_type": "public"
    },
    {
      "name": "甲烷传感器标校调试记录.xls",
      "path": "d0a42ad84c8e455abe9d7ad5c4618224/upload_ready/test/通防资料/安全监控资料/监控台账类/甲烷传感器标校调试记录.xls",
      "md5": "c4ad87e8848d29a99a0d6fa7ea441dac",
      "link": "http://office-cdn-1.xialiwei.com/d0a42ad84c8e455abe9d7ad5c4618224_s_c4ad87e8848d29a99a0d6fa7ea441dac",
      "cdn_type": "public"
    },
    {
      "name": "风筒风电闭锁断电功能测试记录表.xls",
      "path": "d0a42ad84c8e455abe9d7ad5c4618224/upload_ready/test/通防资料/安全监控资料/监控台账类/风筒风电闭锁断电功能测试记录表.xls",
      "md5": "d80377fc3d4957dcfe86981eeeb20a81",
      "link": "http://office-cdn-1.xialiwei.com/d0a42ad84c8e455abe9d7ad5c4618224_s_d80377fc3d4957dcfe86981eeeb20a81",
      "cdn_type": "public"
    },
    {
      "name": "安全监控设备检修记录.xls",
      "path": "d0a42ad84c8e455abe9d7ad5c4618224/upload_ready/test/通防资料/安全监控资料/监控台账类/安全监控设备检修记录.xls",
      "md5": "cd3e043aec89ad76392282be307d5006",
      "link": "http://office-cdn-1.xialiwei.com/d0a42ad84c8e455abe9d7ad5c4618224_s_cd3e043aec89ad76392282be307d5006",
      "cdn_type": "public"
    },
    {
      "name": "氧气传感器调试记录 - .xls",
      "path": "d0a42ad84c8e455abe9d7ad5c4618224/upload_ready/test/通防资料/安全监控资料/监控台账类/氧气传感器调试记录 - .xls",
      "md5": "0fb1b47d93a6b622b9a915a93e8b16a7",
      "link": "http://office-cdn-1.xialiwei.com/d0a42ad84c8e455abe9d7ad5c4618224_s_0fb1b47d93a6b622b9a915a93e8b16a7",
      "cdn_type": "public"
    },
    {
      "name": "甲烷传感器与便携式甲烷检测报警仪对照表.xlsx",
      "path": "d0a42ad84c8e455abe9d7ad5c4618224/upload_ready/test/通防资料/安全监控资料/监控台账类/甲烷传感器与便携式甲烷检测报警仪对照表.xlsx",
      "md5": "9f1db04f9f86068083706a24340037fd",
      "link": "http://office-cdn-1.xialiwei.com/d0a42ad84c8e455abe9d7ad5c4618224_s_9f1db04f9f86068083706a24340037fd",
      "cdn_type": "public"
    },
    {
      "name": "安全监控设备报警记录.xls",
      "path": "d0a42ad84c8e455abe9d7ad5c4618224/upload_ready/test/通防资料/安全监控资料/监控台账类/安全监控设备报警记录.xls",
      "md5": "3768810da31745c1b321b353b27cdca2",
      "link": "http://office-cdn-1.xialiwei.com/d0a42ad84c8e455abe9d7ad5c4618224_s_3768810da31745c1b321b353b27cdca2",
      "cdn_type": "public"
    },
    {
      "name": "甲烷超限报警事故处理记录.xlsx",
      "path": "d0a42ad84c8e455abe9d7ad5c4618224/upload_ready/test/通防资料/安全监控资料/监控台账类/甲烷超限报警事故处理记录.xlsx",
      "md5": "f2d3491fbc77cad5156bb8271af7bb8a",
      "link": "http://office-cdn-1.xialiwei.com/d0a42ad84c8e455abe9d7ad5c4618224_s_f2d3491fbc77cad5156bb8271af7bb8a",
      "cdn_type": "public"
    },
    {
      "name": "甲烷超限断电功能测试记录.xls",
      "path": "d0a42ad84c8e455abe9d7ad5c4618224/upload_ready/test/通防资料/安全监控资料/监控台账类/甲烷超限断电功能测试记录.xls",
      "md5": "09305a5311c544ac0eed68dffd53fc28",
      "link": "http://office-cdn-1.xialiwei.com/d0a42ad84c8e455abe9d7ad5c4618224_s_09305a5311c544ac0eed68dffd53fc28",
      "cdn_type": "public"
    },
    {
      "name": "安全监控系统中心站运行日志.xls",
      "path": "d0a42ad84c8e455abe9d7ad5c4618224/upload_ready/test/通防资料/安全监控资料/监控台账类/安全监控系统中心站运行日志.xls",
      "md5": "72e39f33f17a86bbf656e5a696131d73",
      "link": "http://office-cdn-1.xialiwei.com/d0a42ad84c8e455abe9d7ad5c4618224_s_72e39f33f17a86bbf656e5a696131d73",
      "cdn_type": "public"
    },
    {
      "name": "安全监控设备巡检记录.xls",
      "path": "d0a42ad84c8e455abe9d7ad5c4618224/upload_ready/test/通防资料/安全监控资料/监控台账类/安全监控设备巡检记录.xls",
      "md5": "1812e84cf33d38ff316a48543ca5f5e6",
      "link": "http://office-cdn-1.xialiwei.com/d0a42ad84c8e455abe9d7ad5c4618224_s_1812e84cf33d38ff316a48543ca5f5e6",
      "cdn_type": "public"
    },
    {
      "name": "安全监控设备信号中断（断线，加线，故障）期间现场人工检查记录.xlsx",
      "path": "d0a42ad84c8e455abe9d7ad5c4618224/upload_ready/test/通防资料/安全监控资料/监控台账类/安全监控设备信号中断（断线，加线，故障）期间现场人工检查记录.xlsx",
      "md5": "6231ad504f5b86c66f8ecabbb93e6add",
      "link": "http://office-cdn-1.xialiwei.com/d0a42ad84c8e455abe9d7ad5c4618224_s_6231ad504f5b86c66f8ecabbb93e6add",
      "cdn_type": "public"
    },
    {
      "name": "风速传感器校正记录.xls",
      "path": "d0a42ad84c8e455abe9d7ad5c4618224/upload_ready/test/通防资料/安全监控资料/监控台账类/风速传感器校正记录.xls",
      "md5": "d4de5f7176502e3b9ec2c9ed62adf30a",
      "link": "http://office-cdn-1.xialiwei.com/d0a42ad84c8e455abe9d7ad5c4618224_s_d4de5f7176502e3b9ec2c9ed62adf30a",
      "cdn_type": "public"
    },
    {
      "name": "二氧化碳传感器标校记录.xls",
      "path": "d0a42ad84c8e455abe9d7ad5c4618224/upload_ready/test/通防资料/安全监控资料/监控台账类/二氧化碳传感器标校记录.xls",
      "md5": "71e78299cbbf04be3aa61d825baa89aa",
      "link": "http://office-cdn-1.xialiwei.com/d0a42ad84c8e455abe9d7ad5c4618224_s_71e78299cbbf04be3aa61d825baa89aa",
      "cdn_type": "public"
    },
    {
      "name": "温度传感器标校记录.xls",
      "path": "d0a42ad84c8e455abe9d7ad5c4618224/upload_ready/test/通防资料/安全监控资料/监控台账类/温度传感器标校记录.xls",
      "md5": "8ea680b2dbe4adcd75b83e86e3b3c402",
      "link": "http://office-cdn-1.xialiwei.com/d0a42ad84c8e455abe9d7ad5c4618224_s_8ea680b2dbe4adcd75b83e86e3b3c402",
      "cdn_type": "public"
    },
    {
      "name": "安全监控设备故障登记表.xls",
      "path": "d0a42ad84c8e455abe9d7ad5c4618224/upload_ready/test/通防资料/安全监控资料/监控台账类/安全监控设备故障登记表.xls",
      "md5": "4956693f556e4ae0d8719bb4f5a96516",
      "link": "http://office-cdn-1.xialiwei.com/d0a42ad84c8e455abe9d7ad5c4618224_s_4956693f556e4ae0d8719bb4f5a96516",
      "cdn_type": "public"
    },
    {
      "name": "粉尘传感器校正记录.xls",
      "path": "d0a42ad84c8e455abe9d7ad5c4618224/upload_ready/test/通防资料/安全监控资料/监控台账类/粉尘传感器校正记录.xls",
      "md5": "8fcd60f01ba7427e89dfe28fe52d67fa",
      "link": "http://office-cdn-1.xialiwei.com/d0a42ad84c8e455abe9d7ad5c4618224_s_8fcd60f01ba7427e89dfe28fe52d67fa",
      "cdn_type": "public"
    },
    {
      "name": "负压传感器校正记录.xls",
      "path": "d0a42ad84c8e455abe9d7ad5c4618224/upload_ready/test/通防资料/安全监控资料/监控台账类/负压传感器校正记录.xls",
      "md5": "391ec6bdc2168427b1de6785f998ebbb",
      "link": "http://office-cdn-1.xialiwei.com/d0a42ad84c8e455abe9d7ad5c4618224_s_391ec6bdc2168427b1de6785f998ebbb",
      "cdn_type": "public"
    },
    {
      "name": "防尘设施管理台账8月 .xls",
      "path": "d0a42ad84c8e455abe9d7ad5c4618224/upload_ready/test/通防资料/综合防尘资料/防尘设施管理台账8月 .xls",
      "md5": "800dc76260f72fb20fc4ec2490fd6a3c",
      "link": "http://office-cdn-1.xialiwei.com/d0a42ad84c8e455abe9d7ad5c4618224_s_800dc76260f72fb20fc4ec2490fd6a3c",
      "cdn_type": "public"
    },
    {
      "name": "粉尘测定点设置计划2022年10月   .xls",
      "path": "d0a42ad84c8e455abe9d7ad5c4618224/upload_ready/test/通防资料/综合防尘资料/粉尘测定点设置计划2022年10月   .xls",
      "md5": "18f94407ef8cf7f93fc96a445d5f450f",
      "link": "http://office-cdn-1.xialiwei.com/d0a42ad84c8e455abe9d7ad5c4618224_s_18f94407ef8cf7f93fc96a445d5f450f",
      "cdn_type": "public"
    },
    {
      "name": "防尘管路管理台账8月.xls",
      "path": "d0a42ad84c8e455abe9d7ad5c4618224/upload_ready/test/通防资料/综合防尘资料/防尘管路管理台账8月.xls",
      "md5": "2a75d37ee2e24f912f50c1bb05153e29",
      "link": "http://office-cdn-1.xialiwei.com/d0a42ad84c8e455abe9d7ad5c4618224_s_2a75d37ee2e24f912f50c1bb05153e29",
      "cdn_type": "public"
    },
    {
      "name": "彭庄煤矿测尘报表下半月10.30.xls",
      "path": "d0a42ad84c8e455abe9d7ad5c4618224/upload_ready/test/通防资料/综合防尘资料/彭庄煤矿测尘报表下半月10.30.xls",
      "md5": "648b240c33b372c17f75f414d9328429",
      "link": "http://office-cdn-1.xialiwei.com/d0a42ad84c8e455abe9d7ad5c4618224_s_648b240c33b372c17f75f414d9328429",
      "cdn_type": "public"
    },
    {
      "name": "彭庄煤矿测尘报表上半月10.15.xls",
      "path": "d0a42ad84c8e455abe9d7ad5c4618224/upload_ready/test/通防资料/综合防尘资料/彭庄煤矿测尘报表上半月10.15.xls",
      "md5": "2a91cbeecdbce6c1831628807bc6ebff",
      "link": "http://office-cdn-1.xialiwei.com/d0a42ad84c8e455abe9d7ad5c4618224_s_2a91cbeecdbce6c1831628807bc6ebff",
      "cdn_type": "public"
    },
    {
      "name": "20201218-5综合防尘安全技术措施.doc",
      "path": "d0a42ad84c8e455abe9d7ad5c4618224/upload_ready/test/通防资料/综合防尘资料/20201218-5综合防尘安全技术措施.doc",
      "md5": "a5466ba8803ab3519988beab77966045",
      "link": "http://office-cdn-1.xialiwei.com/d0a42ad84c8e455abe9d7ad5c4618224_s_a5466ba8803ab3519988beab77966045",
      "cdn_type": "public"
    },
    {
      "name": ".~密闭管理台账(新编）2022.10.2(1).xlsx",
      "path": "d0a42ad84c8e455abe9d7ad5c4618224/upload_ready/test/通防资料/通风设施类/.~密闭管理台账(新编）2022.10.2(1).xlsx",
      "md5": "5a2259858bf8c4197643625d7a4ac47c",
      "link": "http://office-cdn-1.xialiwei.com/d0a42ad84c8e455abe9d7ad5c4618224_s_5a2259858bf8c4197643625d7a4ac47c",
      "cdn_type": "public"
    },
    {
      "name": "通风设施（风门）管理台账2022.09.28.xls",
      "path": "d0a42ad84c8e455abe9d7ad5c4618224/upload_ready/test/通防资料/通风设施类/通风设施（风门）管理台账2022.09.28.xls",
      "md5": "9dde5ff1de2766dc711ea48794ba7266",
      "link": "http://office-cdn-1.xialiwei.com/d0a42ad84c8e455abe9d7ad5c4618224_s_9dde5ff1de2766dc711ea48794ba7266",
      "cdn_type": "public"
    },
    {
      "name": "密闭管理台账(新编）2022.10.2(1).xlsx",
      "path": "d0a42ad84c8e455abe9d7ad5c4618224/upload_ready/test/通防资料/通风设施类/密闭管理台账(新编）2022.10.2(1).xlsx",
      "md5": "d570a397b70dc56386c106ce25e5da20",
      "link": "http://office-cdn-1.xialiwei.com/d0a42ad84c8e455abe9d7ad5c4618224_s_d570a397b70dc56386c106ce25e5da20",
      "cdn_type": "public"
    },
    {
      "name": ".~通风设施（风门）管理台账2022.09.28.xls",
      "path": "d0a42ad84c8e455abe9d7ad5c4618224/upload_ready/test/通防资料/通风设施类/.~通风设施（风门）管理台账2022.09.28.xls",
      "md5": "d41d8cd98f00b204e9800998ecf8427e",
      "link": "http://office-cdn-1.xialiwei.com/d0a42ad84c8e455abe9d7ad5c4618224_s_d41d8cd98f00b204e9800998ecf8427e",
      "cdn_type": "public"
    },
    {
      "name": "彭庄煤矿煤自燃倾向性检测报告.pdf",
      "path": "d0a42ad84c8e455abe9d7ad5c4618224/upload_ready/test/通防资料/鉴定报告类/彭庄煤矿煤自燃倾向性检测报告.pdf",
      "md5": "6fd319cb1e4a075236184ff06fe7d0b0",
      "link": "http://office-cdn-1.xialiwei.com/d0a42ad84c8e455abe9d7ad5c4618224_s_6fd319cb1e4a075236184ff06fe7d0b0",
      "cdn_type": "public"
    },
    {
      "name": "彭庄煤矿煤层最短自然发火期研究性报告.pdf",
      "path": "d0a42ad84c8e455abe9d7ad5c4618224/upload_ready/test/通防资料/鉴定报告类/彭庄煤矿煤层最短自然发火期研究性报告.pdf",
      "md5": "89af68ebdd1e31c0f9dee092365b0277",
      "link": "http://office-cdn-1.xialiwei.com/d0a42ad84c8e455abe9d7ad5c4618224_s_89af68ebdd1e31c0f9dee092365b0277",
      "cdn_type": "public"
    },
    {
      "name": "2021彭庄能力报告定稿(1).docx",
      "path": "d0a42ad84c8e455abe9d7ad5c4618224/upload_ready/test/通防资料/鉴定报告类/2021彭庄能力报告定稿(1).docx",
      "md5": "43f380a88dc8131eb5cb78b2c9c7fca6",
      "link": "http://office-cdn-1.xialiwei.com/d0a42ad84c8e455abe9d7ad5c4618224_s_43f380a88dc8131eb5cb78b2c9c7fca6",
      "cdn_type": "public"
    },
    {
      "name": "20210907105056通风阻力报告.pdf",
      "path": "d0a42ad84c8e455abe9d7ad5c4618224/upload_ready/test/通防资料/鉴定报告类/20210907105056通风阻力报告.pdf",
      "md5": "32f8bd7f5e16a5c9438223dbbca30d3f",
      "link": "http://office-cdn-1.xialiwei.com/d0a42ad84c8e455abe9d7ad5c4618224_s_32f8bd7f5e16a5c9438223dbbca30d3f",
      "cdn_type": "public"
    },
    {
      "name": "彭庄煤矿煤尘爆炸性检测报告.pdf",
      "path": "d0a42ad84c8e455abe9d7ad5c4618224/upload_ready/test/通防资料/鉴定报告类/彭庄煤矿煤尘爆炸性检测报告.pdf",
      "md5": "0258c247741c10dfaa86fce78d15f1c0",
      "link": "http://office-cdn-1.xialiwei.com/d0a42ad84c8e455abe9d7ad5c4618224_s_0258c247741c10dfaa86fce78d15f1c0",
      "cdn_type": "public"
    },
    {
      "name": "彭庄煤矿自然发火标志气体检测报告.pdf",
      "path": "d0a42ad84c8e455abe9d7ad5c4618224/upload_ready/test/通防资料/鉴定报告类/彭庄煤矿自然发火标志气体检测报告.pdf",
      "md5": "9117716ea370d40fe6093edf26e384e3",
      "link": "http://office-cdn-1.xialiwei.com/d0a42ad84c8e455abe9d7ad5c4618224_s_9117716ea370d40fe6093edf26e384e3",
      "cdn_type": "public"
    },
    {
      "name": "通风报表9.24.xls",
      "path": "d0a42ad84c8e455abe9d7ad5c4618224/upload_ready/test/通防资料/通风类/通风报表9.24.xls",
      "md5": "a110082758de31d5ab4a823ddb6e2230",
      "link": "http://office-cdn-1.xialiwei.com/d0a42ad84c8e455abe9d7ad5c4618224_s_a110082758de31d5ab4a823ddb6e2230",
      "cdn_type": "public"
    },
    {
      "name": "通风报表9.5.xls",
      "path": "d0a42ad84c8e455abe9d7ad5c4618224/upload_ready/test/通防资料/通风类/通风报表9.5.xls",
      "md5": "a858bceba7b06f4123cf1d5e4e9410a9",
      "link": "http://office-cdn-1.xialiwei.com/d0a42ad84c8e455abe9d7ad5c4618224_s_a858bceba7b06f4123cf1d5e4e9410a9",
      "cdn_type": "public"
    },
    {
      "name": "九月份月“一通三防”报表.xls",
      "path": "d0a42ad84c8e455abe9d7ad5c4618224/upload_ready/test/通防资料/通风类/九月份月“一通三防”报表.xls",
      "md5": "b57a6e26f3fe29ac860b413724cabd23",
      "link": "http://office-cdn-1.xialiwei.com/d0a42ad84c8e455abe9d7ad5c4618224_s_b57a6e26f3fe29ac860b413724cabd23",
      "cdn_type": "public"
    },
    {
      "name": "需风量分配表9月份  .xls",
      "path": "d0a42ad84c8e455abe9d7ad5c4618224/upload_ready/test/通防资料/通风类/需风量分配表9月份  .xls",
      "md5": "8d3e5fdac52f24b71fa997f79c2003e4",
      "link": "http://office-cdn-1.xialiwei.com/d0a42ad84c8e455abe9d7ad5c4618224_s_8d3e5fdac52f24b71fa997f79c2003e4",
      "cdn_type": "public"
    },
    {
      "name": "2022年9月配风计划  .doc",
      "path": "d0a42ad84c8e455abe9d7ad5c4618224/upload_ready/test/通防资料/通风类/2022年9月配风计划  .doc",
      "md5": "5f0108bb8371883d401c9a34164add4b",
      "link": "http://office-cdn-1.xialiwei.com/d0a42ad84c8e455abe9d7ad5c4618224_s_5f0108bb8371883d401c9a34164add4b",
      "cdn_type": "public"
    },
    {
      "name": "通风报表9.14.xls",
      "path": "d0a42ad84c8e455abe9d7ad5c4618224/upload_ready/test/通防资料/通风类/通风报表9.14.xls",
      "md5": "5d214363c3de33f800f37d2b7f8f9081",
      "link": "http://office-cdn-1.xialiwei.com/d0a42ad84c8e455abe9d7ad5c4618224_s_5d214363c3de33f800f37d2b7f8f9081",
      "cdn_type": "public"
    },
    {
      "name": "密闭检查报表2022.07.26-07.31.xlsx",
      "path": "d0a42ad84c8e455abe9d7ad5c4618224/upload_ready/test/通防资料/防灭火资料/密闭检查报表2022.07.26-07.31.xlsx",
      "md5": "0aaa155d88b681f57f21d71d4bee3ecb",
      "link": "http://office-cdn-1.xialiwei.com/d0a42ad84c8e455abe9d7ad5c4618224_s_0aaa155d88b681f57f21d71d4bee3ecb",
      "cdn_type": "public"
    },
    {
      "name": "彭庄煤矿2022年防灭火设计3.16.docx",
      "path": "d0a42ad84c8e455abe9d7ad5c4618224/upload_ready/test/通防资料/防灭火资料/彭庄煤矿2022年防灭火设计3.16.docx",
      "md5": "067d85a105b08c3fa3704968d55dafdf",
      "link": "http://office-cdn-1.xialiwei.com/d0a42ad84c8e455abe9d7ad5c4618224_s_067d85a105b08c3fa3704968d55dafdf",
      "cdn_type": "public"
    },
    {
      "name": "4307防灭火一面一策方案.doc",
      "path": "d0a42ad84c8e455abe9d7ad5c4618224/upload_ready/test/通防资料/防灭火资料/4307防灭火一面一策方案.doc",
      "md5": "e2661ecdc7499e24e3364de5ffc3da3b",
      "link": "http://office-cdn-1.xialiwei.com/d0a42ad84c8e455abe9d7ad5c4618224_s_e2661ecdc7499e24e3364de5ffc3da3b",
      "cdn_type": "public"
    },
    {
      "name": ".~密闭检查报表2022.07.26-07.31.xlsx",
      "path": "d0a42ad84c8e455abe9d7ad5c4618224/upload_ready/test/通防资料/防灭火资料/.~密闭检查报表2022.07.26-07.31.xlsx",
      "md5": "5a2259858bf8c4197643625d7a4ac47c",
      "link": "http://office-cdn-1.xialiwei.com/d0a42ad84c8e455abe9d7ad5c4618224_s_5a2259858bf8c4197643625d7a4ac47c",
      "cdn_type": "public"
    },
    {
      "name": "1311工作面注氮安全技术措施.doc",
      "path": "d0a42ad84c8e455abe9d7ad5c4618224/upload_ready/test/通防资料/防灭火资料/1311工作面注氮安全技术措施.doc",
      "md5": "b9af7b060633dacfd408703161687c0e",
      "link": "http://office-cdn-1.xialiwei.com/d0a42ad84c8e455abe9d7ad5c4618224_s_b9af7b060633dacfd408703161687c0e",
      "cdn_type": "public"
    },
    {
      "name": ".~密闭检查报表2022.08.02-0.8.07.xlsx",
      "path": "d0a42ad84c8e455abe9d7ad5c4618224/upload_ready/test/通防资料/防灭火资料/.~密闭检查报表2022.08.02-0.8.07.xlsx",
      "md5": "5a2259858bf8c4197643625d7a4ac47c",
      "link": "http://office-cdn-1.xialiwei.com/d0a42ad84c8e455abe9d7ad5c4618224_s_5a2259858bf8c4197643625d7a4ac47c",
      "cdn_type": "public"
    },
    {
      "name": "密闭检查报表2022.08.02-0.8.07.xlsx",
      "path": "d0a42ad84c8e455abe9d7ad5c4618224/upload_ready/test/通防资料/防灭火资料/密闭检查报表2022.08.02-0.8.07.xlsx",
      "md5": "8f2b752b0a6c17fa80ba9b60fd92bcf8",
      "link": "http://office-cdn-1.xialiwei.com/d0a42ad84c8e455abe9d7ad5c4618224_s_8f2b752b0a6c17fa80ba9b60fd92bcf8",
      "cdn_type": "public"
    },
    {
      "name": ".~10月份瓦斯、配电点、密闭设点计划.xlsx",
      "path": "d0a42ad84c8e455abe9d7ad5c4618224/upload_ready/test/通防资料/瓦斯资料/.~10月份瓦斯、配电点、密闭设点计划.xlsx",
      "md5": "5a2259858bf8c4197643625d7a4ac47c",
      "link": "http://office-cdn-1.xialiwei.com/d0a42ad84c8e455abe9d7ad5c4618224_s_5a2259858bf8c4197643625d7a4ac47c",
      "cdn_type": "public"
    },
    {
      "name": "4306轨道运输巷排放瓦斯辨识报告(上报).doc",
      "path": "d0a42ad84c8e455abe9d7ad5c4618224/upload_ready/test/通防资料/瓦斯资料/4306轨道运输巷排放瓦斯辨识报告(上报).doc",
      "md5": "8e543b82114e09e476bace7b7644e0a5",
      "link": "http://office-cdn-1.xialiwei.com/d0a42ad84c8e455abe9d7ad5c4618224_s_8e543b82114e09e476bace7b7644e0a5",
      "cdn_type": "public"
    },
    {
      "name": "配电点瓦斯检查2022.10.10-10.16.xls",
      "path": "d0a42ad84c8e455abe9d7ad5c4618224/upload_ready/test/通防资料/瓦斯资料/配电点瓦斯检查2022.10.10-10.16.xls",
      "md5": "d35807ed1e619bfd3cbe5179ec633cd6",
      "link": "http://office-cdn-1.xialiwei.com/d0a42ad84c8e455abe9d7ad5c4618224_s_d35807ed1e619bfd3cbe5179ec633cd6",
      "cdn_type": "public"
    },
    {
      "name": "10月份瓦斯巡回检查时间表(2).dwg",
      "path": "d0a42ad84c8e455abe9d7ad5c4618224/upload_ready/test/通防资料/瓦斯资料/10月份瓦斯巡回检查时间表(2).dwg",
      "md5": "2a8088119d50e223cf60342efaee8852",
      "link": "http://office-cdn-1.xialiwei.com/d0a42ad84c8e455abe9d7ad5c4618224_s_2a8088119d50e223cf60342efaee8852",
      "cdn_type": "public"
    },
    {
      "name": ".~配电点瓦斯检查2022.10.10-10.16.xls",
      "path": "d0a42ad84c8e455abe9d7ad5c4618224/upload_ready/test/通防资料/瓦斯资料/.~配电点瓦斯检查2022.10.10-10.16.xls",
      "md5": "d41d8cd98f00b204e9800998ecf8427e",
      "link": "http://office-cdn-1.xialiwei.com/d0a42ad84c8e455abe9d7ad5c4618224_s_d41d8cd98f00b204e9800998ecf8427e",
      "cdn_type": "public"
    },
    {
      "name": "2020彭庄瓦斯等级鉴定总结报告.doc",
      "path": "d0a42ad84c8e455abe9d7ad5c4618224/upload_ready/test/通防资料/瓦斯资料/2020彭庄瓦斯等级鉴定总结报告.doc",
      "md5": "664cd76a66ed765acf70447180286cf8",
      "link": "http://office-cdn-1.xialiwei.com/d0a42ad84c8e455abe9d7ad5c4618224_s_664cd76a66ed765acf70447180286cf8",
      "cdn_type": "public"
    },
    {
      "name": "2022年彭庄煤矿瓦斯防治技术方案及措施.doc",
      "path": "d0a42ad84c8e455abe9d7ad5c4618224/upload_ready/test/通防资料/瓦斯资料/2022年彭庄煤矿瓦斯防治技术方案及措施.doc",
      "md5": "e111e007c0ebe3fcd89bb8e01ff73ae7",
      "link": "http://office-cdn-1.xialiwei.com/d0a42ad84c8e455abe9d7ad5c4618224_s_e111e007c0ebe3fcd89bb8e01ff73ae7",
      "cdn_type": "public"
    },
    {
      "name": "4306轨道运输巷启封密闭恢复通风安全技术措施.doc",
      "path": "d0a42ad84c8e455abe9d7ad5c4618224/upload_ready/test/通防资料/瓦斯资料/4306轨道运输巷启封密闭恢复通风安全技术措施.doc",
      "md5": "734db2612a671709b378e8a19238a66e",
      "link": "http://office-cdn-1.xialiwei.com/d0a42ad84c8e455abe9d7ad5c4618224_s_734db2612a671709b378e8a19238a66e",
      "cdn_type": "public"
    },
    {
      "name": "10月份瓦斯、配电点、密闭设点计划.xlsx",
      "path": "d0a42ad84c8e455abe9d7ad5c4618224/upload_ready/test/通防资料/瓦斯资料/10月份瓦斯、配电点、密闭设点计划.xlsx",
      "md5": "ccee95dfd7de92bdf4090d050eb8bc06",
      "link": "http://office-cdn-1.xialiwei.com/d0a42ad84c8e455abe9d7ad5c4618224_s_ccee95dfd7de92bdf4090d050eb8bc06",
      "cdn_type": "public"
    },
    {
      "name": "2022年10月瓦斯设点变更计划 10.16.doc",
      "path": "d0a42ad84c8e455abe9d7ad5c4618224/upload_ready/test/通防资料/瓦斯资料/2022年10月瓦斯设点变更计划 10.16.doc",
      "md5": "87a77274f9b44739271ed4fab572c464",
      "link": "http://office-cdn-1.xialiwei.com/d0a42ad84c8e455abe9d7ad5c4618224_s_87a77274f9b44739271ed4fab572c464",
      "cdn_type": "public"
    }
  ],
  "tree": [
    {
      "root": "upload_ready/test",
      "dirs": [
        "通防资料"
      ],
      "files": [
        ".DS_Store",
        "2021彭庄能力报告定稿(1).docx"
      ],
      "files_data": [
        {
          "name": ".DS_Store",
          "path": "d0a42ad84c8e455abe9d7ad5c4618224/upload_ready/test/.DS_Store",
          "md5": "fabba87e387e5279278ec509f6efb299",
          "link": "http://office-cdn-1.xialiwei.com/d0a42ad84c8e455abe9d7ad5c4618224_s_fabba87e387e5279278ec509f6efb299",
          "cdn_type": "public"
        },
        {
          "name": "2021彭庄能力报告定稿(1).docx",
          "path": "d0a42ad84c8e455abe9d7ad5c4618224/upload_ready/test/2021彭庄能力报告定稿(1).docx",
          "md5": "43f380a88dc8131eb5cb78b2c9c7fca6",
          "link": "http://office-cdn-1.xialiwei.com/d0a42ad84c8e455abe9d7ad5c4618224_s_43f380a88dc8131eb5cb78b2c9c7fca6",
          "cdn_type": "public"
        }
      ]
    },
    {
      "root": "upload_ready/test/通防资料",
      "dirs": [
        "安全监控资料",
        "综合防尘资料",
        "通风设施类",
        "鉴定报告类",
        "通风类",
        "防灭火资料",
        "瓦斯资料"
      ],
      "files": [
        "隔爆设施管理台账2022.10.01 -新.xlsx",
        ".DS_Store"
      ],
      "files_data": [
        {
          "name": "隔爆设施管理台账2022.10.01 -新.xlsx",
          "path": "d0a42ad84c8e455abe9d7ad5c4618224/upload_ready/test/通防资料/隔爆设施管理台账2022.10.01 -新.xlsx",
          "md5": "d9c572d6b21ae17dded575e35807b328",
          "link": "http://office-cdn-1.xialiwei.com/d0a42ad84c8e455abe9d7ad5c4618224_s_d9c572d6b21ae17dded575e35807b328",
          "cdn_type": "public"
        },
        {
          "name": ".DS_Store",
          "path": "d0a42ad84c8e455abe9d7ad5c4618224/upload_ready/test/通防资料/.DS_Store",
          "md5": "344b640ad3faeaa8da8b3223cbf0268b",
          "link": "http://office-cdn-1.xialiwei.com/d0a42ad84c8e455abe9d7ad5c4618224_s_344b640ad3faeaa8da8b3223cbf0268b",
          "cdn_type": "public"
        }
      ]
    },
    {
      "root": "upload_ready/test/通防资料/安全监控资料",
      "dirs": [
        "监控台账类"
      ],
      "files": [
        "彭庄煤矿安全监控系统及检测仪器使用管理规定(2021.10.10.wps",
        "矿井安全监测监控管理机构及其职责2022.2.10.doc"
      ],
      "files_data": [
        {
          "name": "彭庄煤矿安全监控系统及检测仪器使用管理规定(2021.10.10.wps",
          "path": "d0a42ad84c8e455abe9d7ad5c4618224/upload_ready/test/通防资料/安全监控资料/彭庄煤矿安全监控系统及检测仪器使用管理规定(2021.10.10.wps",
          "md5": "6796803426dc27d556a8cd52b774e218",
          "link": "http://office-cdn-1.xialiwei.com/d0a42ad84c8e455abe9d7ad5c4618224_s_6796803426dc27d556a8cd52b774e218",
          "cdn_type": "public"
        },
        {
          "name": "矿井安全监测监控管理机构及其职责2022.2.10.doc",
          "path": "d0a42ad84c8e455abe9d7ad5c4618224/upload_ready/test/通防资料/安全监控资料/矿井安全监测监控管理机构及其职责2022.2.10.doc",
          "md5": "ff36492abdec6c359509938ff6e949e8",
          "link": "http://office-cdn-1.xialiwei.com/d0a42ad84c8e455abe9d7ad5c4618224_s_ff36492abdec6c359509938ff6e949e8",
          "cdn_type": "public"
        }
      ]
    },
    {
      "root": "upload_ready/test/通防资料/安全监控资料/监控台账类",
      "dirs": [],
      "files": [
        "手动断电功能测试记录表 .xls",
        "一氧化碳传感器调试记录.xls",
        "甲烷传感器标校调试记录.xls",
        "风筒风电闭锁断电功能测试记录表.xls",
        "安全监控设备检修记录.xls",
        "氧气传感器调试记录 - .xls",
        "甲烷传感器与便携式甲烷检测报警仪对照表.xlsx",
        "安全监控设备报警记录.xls",
        "甲烷超限报警事故处理记录.xlsx",
        "甲烷超限断电功能测试记录.xls",
        "安全监控系统中心站运行日志.xls",
        "安全监控设备巡检记录.xls",
        "安全监控设备信号中断（断线，加线，故障）期间现场人工检查记录.xlsx",
        "风速传感器校正记录.xls",
        "二氧化碳传感器标校记录.xls",
        "温度传感器标校记录.xls",
        "安全监控设备故障登记表.xls",
        "粉尘传感器校正记录.xls",
        "负压传感器校正记录.xls"
      ],
      "files_data": [
        {
          "name": "手动断电功能测试记录表 .xls",
          "path": "d0a42ad84c8e455abe9d7ad5c4618224/upload_ready/test/通防资料/安全监控资料/监控台账类/手动断电功能测试记录表 .xls",
          "md5": "03e67ff9216106bf2365ecc50518b501",
          "link": "http://office-cdn-1.xialiwei.com/d0a42ad84c8e455abe9d7ad5c4618224_s_03e67ff9216106bf2365ecc50518b501",
          "cdn_type": "public"
        },
        {
          "name": "一氧化碳传感器调试记录.xls",
          "path": "d0a42ad84c8e455abe9d7ad5c4618224/upload_ready/test/通防资料/安全监控资料/监控台账类/一氧化碳传感器调试记录.xls",
          "md5": "d9202936d937225685f530e0378aceb5",
          "link": "http://office-cdn-1.xialiwei.com/d0a42ad84c8e455abe9d7ad5c4618224_s_d9202936d937225685f530e0378aceb5",
          "cdn_type": "public"
        },
        {
          "name": "甲烷传感器标校调试记录.xls",
          "path": "d0a42ad84c8e455abe9d7ad5c4618224/upload_ready/test/通防资料/安全监控资料/监控台账类/甲烷传感器标校调试记录.xls",
          "md5": "c4ad87e8848d29a99a0d6fa7ea441dac",
          "link": "http://office-cdn-1.xialiwei.com/d0a42ad84c8e455abe9d7ad5c4618224_s_c4ad87e8848d29a99a0d6fa7ea441dac",
          "cdn_type": "public"
        },
        {
          "name": "风筒风电闭锁断电功能测试记录表.xls",
          "path": "d0a42ad84c8e455abe9d7ad5c4618224/upload_ready/test/通防资料/安全监控资料/监控台账类/风筒风电闭锁断电功能测试记录表.xls",
          "md5": "d80377fc3d4957dcfe86981eeeb20a81",
          "link": "http://office-cdn-1.xialiwei.com/d0a42ad84c8e455abe9d7ad5c4618224_s_d80377fc3d4957dcfe86981eeeb20a81",
          "cdn_type": "public"
        },
        {
          "name": "安全监控设备检修记录.xls",
          "path": "d0a42ad84c8e455abe9d7ad5c4618224/upload_ready/test/通防资料/安全监控资料/监控台账类/安全监控设备检修记录.xls",
          "md5": "cd3e043aec89ad76392282be307d5006",
          "link": "http://office-cdn-1.xialiwei.com/d0a42ad84c8e455abe9d7ad5c4618224_s_cd3e043aec89ad76392282be307d5006",
          "cdn_type": "public"
        },
        {
          "name": "氧气传感器调试记录 - .xls",
          "path": "d0a42ad84c8e455abe9d7ad5c4618224/upload_ready/test/通防资料/安全监控资料/监控台账类/氧气传感器调试记录 - .xls",
          "md5": "0fb1b47d93a6b622b9a915a93e8b16a7",
          "link": "http://office-cdn-1.xialiwei.com/d0a42ad84c8e455abe9d7ad5c4618224_s_0fb1b47d93a6b622b9a915a93e8b16a7",
          "cdn_type": "public"
        },
        {
          "name": "甲烷传感器与便携式甲烷检测报警仪对照表.xlsx",
          "path": "d0a42ad84c8e455abe9d7ad5c4618224/upload_ready/test/通防资料/安全监控资料/监控台账类/甲烷传感器与便携式甲烷检测报警仪对照表.xlsx",
          "md5": "9f1db04f9f86068083706a24340037fd",
          "link": "http://office-cdn-1.xialiwei.com/d0a42ad84c8e455abe9d7ad5c4618224_s_9f1db04f9f86068083706a24340037fd",
          "cdn_type": "public"
        },
        {
          "name": "安全监控设备报警记录.xls",
          "path": "d0a42ad84c8e455abe9d7ad5c4618224/upload_ready/test/通防资料/安全监控资料/监控台账类/安全监控设备报警记录.xls",
          "md5": "3768810da31745c1b321b353b27cdca2",
          "link": "http://office-cdn-1.xialiwei.com/d0a42ad84c8e455abe9d7ad5c4618224_s_3768810da31745c1b321b353b27cdca2",
          "cdn_type": "public"
        },
        {
          "name": "甲烷超限报警事故处理记录.xlsx",
          "path": "d0a42ad84c8e455abe9d7ad5c4618224/upload_ready/test/通防资料/安全监控资料/监控台账类/甲烷超限报警事故处理记录.xlsx",
          "md5": "f2d3491fbc77cad5156bb8271af7bb8a",
          "link": "http://office-cdn-1.xialiwei.com/d0a42ad84c8e455abe9d7ad5c4618224_s_f2d3491fbc77cad5156bb8271af7bb8a",
          "cdn_type": "public"
        },
        {
          "name": "甲烷超限断电功能测试记录.xls",
          "path": "d0a42ad84c8e455abe9d7ad5c4618224/upload_ready/test/通防资料/安全监控资料/监控台账类/甲烷超限断电功能测试记录.xls",
          "md5": "09305a5311c544ac0eed68dffd53fc28",
          "link": "http://office-cdn-1.xialiwei.com/d0a42ad84c8e455abe9d7ad5c4618224_s_09305a5311c544ac0eed68dffd53fc28",
          "cdn_type": "public"
        },
        {
          "name": "安全监控系统中心站运行日志.xls",
          "path": "d0a42ad84c8e455abe9d7ad5c4618224/upload_ready/test/通防资料/安全监控资料/监控台账类/安全监控系统中心站运行日志.xls",
          "md5": "72e39f33f17a86bbf656e5a696131d73",
          "link": "http://office-cdn-1.xialiwei.com/d0a42ad84c8e455abe9d7ad5c4618224_s_72e39f33f17a86bbf656e5a696131d73",
          "cdn_type": "public"
        },
        {
          "name": "安全监控设备巡检记录.xls",
          "path": "d0a42ad84c8e455abe9d7ad5c4618224/upload_ready/test/通防资料/安全监控资料/监控台账类/安全监控设备巡检记录.xls",
          "md5": "1812e84cf33d38ff316a48543ca5f5e6",
          "link": "http://office-cdn-1.xialiwei.com/d0a42ad84c8e455abe9d7ad5c4618224_s_1812e84cf33d38ff316a48543ca5f5e6",
          "cdn_type": "public"
        },
        {
          "name": "安全监控设备信号中断（断线，加线，故障）期间现场人工检查记录.xlsx",
          "path": "d0a42ad84c8e455abe9d7ad5c4618224/upload_ready/test/通防资料/安全监控资料/监控台账类/安全监控设备信号中断（断线，加线，故障）期间现场人工检查记录.xlsx",
          "md5": "6231ad504f5b86c66f8ecabbb93e6add",
          "link": "http://office-cdn-1.xialiwei.com/d0a42ad84c8e455abe9d7ad5c4618224_s_6231ad504f5b86c66f8ecabbb93e6add",
          "cdn_type": "public"
        },
        {
          "name": "风速传感器校正记录.xls",
          "path": "d0a42ad84c8e455abe9d7ad5c4618224/upload_ready/test/通防资料/安全监控资料/监控台账类/风速传感器校正记录.xls",
          "md5": "d4de5f7176502e3b9ec2c9ed62adf30a",
          "link": "http://office-cdn-1.xialiwei.com/d0a42ad84c8e455abe9d7ad5c4618224_s_d4de5f7176502e3b9ec2c9ed62adf30a",
          "cdn_type": "public"
        },
        {
          "name": "二氧化碳传感器标校记录.xls",
          "path": "d0a42ad84c8e455abe9d7ad5c4618224/upload_ready/test/通防资料/安全监控资料/监控台账类/二氧化碳传感器标校记录.xls",
          "md5": "71e78299cbbf04be3aa61d825baa89aa",
          "link": "http://office-cdn-1.xialiwei.com/d0a42ad84c8e455abe9d7ad5c4618224_s_71e78299cbbf04be3aa61d825baa89aa",
          "cdn_type": "public"
        },
        {
          "name": "温度传感器标校记录.xls",
          "path": "d0a42ad84c8e455abe9d7ad5c4618224/upload_ready/test/通防资料/安全监控资料/监控台账类/温度传感器标校记录.xls",
          "md5": "8ea680b2dbe4adcd75b83e86e3b3c402",
          "link": "http://office-cdn-1.xialiwei.com/d0a42ad84c8e455abe9d7ad5c4618224_s_8ea680b2dbe4adcd75b83e86e3b3c402",
          "cdn_type": "public"
        },
        {
          "name": "安全监控设备故障登记表.xls",
          "path": "d0a42ad84c8e455abe9d7ad5c4618224/upload_ready/test/通防资料/安全监控资料/监控台账类/安全监控设备故障登记表.xls",
          "md5": "4956693f556e4ae0d8719bb4f5a96516",
          "link": "http://office-cdn-1.xialiwei.com/d0a42ad84c8e455abe9d7ad5c4618224_s_4956693f556e4ae0d8719bb4f5a96516",
          "cdn_type": "public"
        },
        {
          "name": "粉尘传感器校正记录.xls",
          "path": "d0a42ad84c8e455abe9d7ad5c4618224/upload_ready/test/通防资料/安全监控资料/监控台账类/粉尘传感器校正记录.xls",
          "md5": "8fcd60f01ba7427e89dfe28fe52d67fa",
          "link": "http://office-cdn-1.xialiwei.com/d0a42ad84c8e455abe9d7ad5c4618224_s_8fcd60f01ba7427e89dfe28fe52d67fa",
          "cdn_type": "public"
        },
        {
          "name": "负压传感器校正记录.xls",
          "path": "d0a42ad84c8e455abe9d7ad5c4618224/upload_ready/test/通防资料/安全监控资料/监控台账类/负压传感器校正记录.xls",
          "md5": "391ec6bdc2168427b1de6785f998ebbb",
          "link": "http://office-cdn-1.xialiwei.com/d0a42ad84c8e455abe9d7ad5c4618224_s_391ec6bdc2168427b1de6785f998ebbb",
          "cdn_type": "public"
        }
      ]
    },
    {
      "root": "upload_ready/test/通防资料/综合防尘资料",
      "dirs": [],
      "files": [
        "防尘设施管理台账8月 .xls",
        "粉尘测定点设置计划2022年10月   .xls",
        "防尘管路管理台账8月.xls",
        "彭庄煤矿测尘报表下半月10.30.xls",
        "彭庄煤矿测尘报表上半月10.15.xls",
        "20201218-5综合防尘安全技术措施.doc"
      ],
      "files_data": [
        {
          "name": "防尘设施管理台账8月 .xls",
          "path": "d0a42ad84c8e455abe9d7ad5c4618224/upload_ready/test/通防资料/综合防尘资料/防尘设施管理台账8月 .xls",
          "md5": "800dc76260f72fb20fc4ec2490fd6a3c",
          "link": "http://office-cdn-1.xialiwei.com/d0a42ad84c8e455abe9d7ad5c4618224_s_800dc76260f72fb20fc4ec2490fd6a3c",
          "cdn_type": "public"
        },
        {
          "name": "粉尘测定点设置计划2022年10月   .xls",
          "path": "d0a42ad84c8e455abe9d7ad5c4618224/upload_ready/test/通防资料/综合防尘资料/粉尘测定点设置计划2022年10月   .xls",
          "md5": "18f94407ef8cf7f93fc96a445d5f450f",
          "link": "http://office-cdn-1.xialiwei.com/d0a42ad84c8e455abe9d7ad5c4618224_s_18f94407ef8cf7f93fc96a445d5f450f",
          "cdn_type": "public"
        },
        {
          "name": "防尘管路管理台账8月.xls",
          "path": "d0a42ad84c8e455abe9d7ad5c4618224/upload_ready/test/通防资料/综合防尘资料/防尘管路管理台账8月.xls",
          "md5": "2a75d37ee2e24f912f50c1bb05153e29",
          "link": "http://office-cdn-1.xialiwei.com/d0a42ad84c8e455abe9d7ad5c4618224_s_2a75d37ee2e24f912f50c1bb05153e29",
          "cdn_type": "public"
        },
        {
          "name": "彭庄煤矿测尘报表下半月10.30.xls",
          "path": "d0a42ad84c8e455abe9d7ad5c4618224/upload_ready/test/通防资料/综合防尘资料/彭庄煤矿测尘报表下半月10.30.xls",
          "md5": "648b240c33b372c17f75f414d9328429",
          "link": "http://office-cdn-1.xialiwei.com/d0a42ad84c8e455abe9d7ad5c4618224_s_648b240c33b372c17f75f414d9328429",
          "cdn_type": "public"
        },
        {
          "name": "彭庄煤矿测尘报表上半月10.15.xls",
          "path": "d0a42ad84c8e455abe9d7ad5c4618224/upload_ready/test/通防资料/综合防尘资料/彭庄煤矿测尘报表上半月10.15.xls",
          "md5": "2a91cbeecdbce6c1831628807bc6ebff",
          "link": "http://office-cdn-1.xialiwei.com/d0a42ad84c8e455abe9d7ad5c4618224_s_2a91cbeecdbce6c1831628807bc6ebff",
          "cdn_type": "public"
        },
        {
          "name": "20201218-5综合防尘安全技术措施.doc",
          "path": "d0a42ad84c8e455abe9d7ad5c4618224/upload_ready/test/通防资料/综合防尘资料/20201218-5综合防尘安全技术措施.doc",
          "md5": "a5466ba8803ab3519988beab77966045",
          "link": "http://office-cdn-1.xialiwei.com/d0a42ad84c8e455abe9d7ad5c4618224_s_a5466ba8803ab3519988beab77966045",
          "cdn_type": "public"
        }
      ]
    },
    {
      "root": "upload_ready/test/通防资料/通风设施类",
      "dirs": [],
      "files": [
        ".~密闭管理台账(新编）2022.10.2(1).xlsx",
        "通风设施（风门）管理台账2022.09.28.xls",
        "密闭管理台账(新编）2022.10.2(1).xlsx",
        ".~通风设施（风门）管理台账2022.09.28.xls"
      ],
      "files_data": [
        {
          "name": ".~密闭管理台账(新编）2022.10.2(1).xlsx",
          "path": "d0a42ad84c8e455abe9d7ad5c4618224/upload_ready/test/通防资料/通风设施类/.~密闭管理台账(新编）2022.10.2(1).xlsx",
          "md5": "5a2259858bf8c4197643625d7a4ac47c",
          "link": "http://office-cdn-1.xialiwei.com/d0a42ad84c8e455abe9d7ad5c4618224_s_5a2259858bf8c4197643625d7a4ac47c",
          "cdn_type": "public"
        },
        {
          "name": "通风设施（风门）管理台账2022.09.28.xls",
          "path": "d0a42ad84c8e455abe9d7ad5c4618224/upload_ready/test/通防资料/通风设施类/通风设施（风门）管理台账2022.09.28.xls",
          "md5": "9dde5ff1de2766dc711ea48794ba7266",
          "link": "http://office-cdn-1.xialiwei.com/d0a42ad84c8e455abe9d7ad5c4618224_s_9dde5ff1de2766dc711ea48794ba7266",
          "cdn_type": "public"
        },
        {
          "name": "密闭管理台账(新编）2022.10.2(1).xlsx",
          "path": "d0a42ad84c8e455abe9d7ad5c4618224/upload_ready/test/通防资料/通风设施类/密闭管理台账(新编）2022.10.2(1).xlsx",
          "md5": "d570a397b70dc56386c106ce25e5da20",
          "link": "http://office-cdn-1.xialiwei.com/d0a42ad84c8e455abe9d7ad5c4618224_s_d570a397b70dc56386c106ce25e5da20",
          "cdn_type": "public"
        },
        {
          "name": ".~通风设施（风门）管理台账2022.09.28.xls",
          "path": "d0a42ad84c8e455abe9d7ad5c4618224/upload_ready/test/通防资料/通风设施类/.~通风设施（风门）管理台账2022.09.28.xls",
          "md5": "d41d8cd98f00b204e9800998ecf8427e",
          "link": "http://office-cdn-1.xialiwei.com/d0a42ad84c8e455abe9d7ad5c4618224_s_d41d8cd98f00b204e9800998ecf8427e",
          "cdn_type": "public"
        }
      ]
    },
    {
      "root": "upload_ready/test/通防资料/鉴定报告类",
      "dirs": [],
      "files": [
        "彭庄煤矿煤自燃倾向性检测报告.pdf",
        "彭庄煤矿煤层最短自然发火期研究性报告.pdf",
        "2021彭庄能力报告定稿(1).docx",
        "20210907105056通风阻力报告.pdf",
        "彭庄煤矿煤尘爆炸性检测报告.pdf",
        "彭庄煤矿自然发火标志气体检测报告.pdf"
      ],
      "files_data": [
        {
          "name": "彭庄煤矿煤自燃倾向性检测报告.pdf",
          "path": "d0a42ad84c8e455abe9d7ad5c4618224/upload_ready/test/通防资料/鉴定报告类/彭庄煤矿煤自燃倾向性检测报告.pdf",
          "md5": "6fd319cb1e4a075236184ff06fe7d0b0",
          "link": "http://office-cdn-1.xialiwei.com/d0a42ad84c8e455abe9d7ad5c4618224_s_6fd319cb1e4a075236184ff06fe7d0b0",
          "cdn_type": "public"
        },
        {
          "name": "彭庄煤矿煤层最短自然发火期研究性报告.pdf",
          "path": "d0a42ad84c8e455abe9d7ad5c4618224/upload_ready/test/通防资料/鉴定报告类/彭庄煤矿煤层最短自然发火期研究性报告.pdf",
          "md5": "89af68ebdd1e31c0f9dee092365b0277",
          "link": "http://office-cdn-1.xialiwei.com/d0a42ad84c8e455abe9d7ad5c4618224_s_89af68ebdd1e31c0f9dee092365b0277",
          "cdn_type": "public"
        },
        {
          "name": "2021彭庄能力报告定稿(1).docx",
          "path": "d0a42ad84c8e455abe9d7ad5c4618224/upload_ready/test/通防资料/鉴定报告类/2021彭庄能力报告定稿(1).docx",
          "md5": "43f380a88dc8131eb5cb78b2c9c7fca6",
          "link": "http://office-cdn-1.xialiwei.com/d0a42ad84c8e455abe9d7ad5c4618224_s_43f380a88dc8131eb5cb78b2c9c7fca6",
          "cdn_type": "public"
        },
        {
          "name": "20210907105056通风阻力报告.pdf",
          "path": "d0a42ad84c8e455abe9d7ad5c4618224/upload_ready/test/通防资料/鉴定报告类/20210907105056通风阻力报告.pdf",
          "md5": "32f8bd7f5e16a5c9438223dbbca30d3f",
          "link": "http://office-cdn-1.xialiwei.com/d0a42ad84c8e455abe9d7ad5c4618224_s_32f8bd7f5e16a5c9438223dbbca30d3f",
          "cdn_type": "public"
        },
        {
          "name": "彭庄煤矿煤尘爆炸性检测报告.pdf",
          "path": "d0a42ad84c8e455abe9d7ad5c4618224/upload_ready/test/通防资料/鉴定报告类/彭庄煤矿煤尘爆炸性检测报告.pdf",
          "md5": "0258c247741c10dfaa86fce78d15f1c0",
          "link": "http://office-cdn-1.xialiwei.com/d0a42ad84c8e455abe9d7ad5c4618224_s_0258c247741c10dfaa86fce78d15f1c0",
          "cdn_type": "public"
        },
        {
          "name": "彭庄煤矿自然发火标志气体检测报告.pdf",
          "path": "d0a42ad84c8e455abe9d7ad5c4618224/upload_ready/test/通防资料/鉴定报告类/彭庄煤矿自然发火标志气体检测报告.pdf",
          "md5": "9117716ea370d40fe6093edf26e384e3",
          "link": "http://office-cdn-1.xialiwei.com/d0a42ad84c8e455abe9d7ad5c4618224_s_9117716ea370d40fe6093edf26e384e3",
          "cdn_type": "public"
        }
      ]
    },
    {
      "root": "upload_ready/test/通防资料/通风类",
      "dirs": [],
      "files": [
        "通风报表9.24.xls",
        "通风报表9.5.xls",
        "九月份月“一通三防”报表.xls",
        "需风量分配表9月份  .xls",
        "2022年9月配风计划  .doc",
        "通风报表9.14.xls"
      ],
      "files_data": [
        {
          "name": "通风报表9.24.xls",
          "path": "d0a42ad84c8e455abe9d7ad5c4618224/upload_ready/test/通防资料/通风类/通风报表9.24.xls",
          "md5": "a110082758de31d5ab4a823ddb6e2230",
          "link": "http://office-cdn-1.xialiwei.com/d0a42ad84c8e455abe9d7ad5c4618224_s_a110082758de31d5ab4a823ddb6e2230",
          "cdn_type": "public"
        },
        {
          "name": "通风报表9.5.xls",
          "path": "d0a42ad84c8e455abe9d7ad5c4618224/upload_ready/test/通防资料/通风类/通风报表9.5.xls",
          "md5": "a858bceba7b06f4123cf1d5e4e9410a9",
          "link": "http://office-cdn-1.xialiwei.com/d0a42ad84c8e455abe9d7ad5c4618224_s_a858bceba7b06f4123cf1d5e4e9410a9",
          "cdn_type": "public"
        },
        {
          "name": "九月份月“一通三防”报表.xls",
          "path": "d0a42ad84c8e455abe9d7ad5c4618224/upload_ready/test/通防资料/通风类/九月份月“一通三防”报表.xls",
          "md5": "b57a6e26f3fe29ac860b413724cabd23",
          "link": "http://office-cdn-1.xialiwei.com/d0a42ad84c8e455abe9d7ad5c4618224_s_b57a6e26f3fe29ac860b413724cabd23",
          "cdn_type": "public"
        },
        {
          "name": "需风量分配表9月份  .xls",
          "path": "d0a42ad84c8e455abe9d7ad5c4618224/upload_ready/test/通防资料/通风类/需风量分配表9月份  .xls",
          "md5": "8d3e5fdac52f24b71fa997f79c2003e4",
          "link": "http://office-cdn-1.xialiwei.com/d0a42ad84c8e455abe9d7ad5c4618224_s_8d3e5fdac52f24b71fa997f79c2003e4",
          "cdn_type": "public"
        },
        {
          "name": "2022年9月配风计划  .doc",
          "path": "d0a42ad84c8e455abe9d7ad5c4618224/upload_ready/test/通防资料/通风类/2022年9月配风计划  .doc",
          "md5": "5f0108bb8371883d401c9a34164add4b",
          "link": "http://office-cdn-1.xialiwei.com/d0a42ad84c8e455abe9d7ad5c4618224_s_5f0108bb8371883d401c9a34164add4b",
          "cdn_type": "public"
        },
        {
          "name": "通风报表9.14.xls",
          "path": "d0a42ad84c8e455abe9d7ad5c4618224/upload_ready/test/通防资料/通风类/通风报表9.14.xls",
          "md5": "5d214363c3de33f800f37d2b7f8f9081",
          "link": "http://office-cdn-1.xialiwei.com/d0a42ad84c8e455abe9d7ad5c4618224_s_5d214363c3de33f800f37d2b7f8f9081",
          "cdn_type": "public"
        }
      ]
    },
    {
      "root": "upload_ready/test/通防资料/防灭火资料",
      "dirs": [],
      "files": [
        "密闭检查报表2022.07.26-07.31.xlsx",
        "彭庄煤矿2022年防灭火设计3.16.docx",
        "4307防灭火一面一策方案.doc",
        ".~密闭检查报表2022.07.26-07.31.xlsx",
        "1311工作面注氮安全技术措施.doc",
        ".~密闭检查报表2022.08.02-0.8.07.xlsx",
        "密闭检查报表2022.08.02-0.8.07.xlsx"
      ],
      "files_data": [
        {
          "name": "密闭检查报表2022.07.26-07.31.xlsx",
          "path": "d0a42ad84c8e455abe9d7ad5c4618224/upload_ready/test/通防资料/防灭火资料/密闭检查报表2022.07.26-07.31.xlsx",
          "md5": "0aaa155d88b681f57f21d71d4bee3ecb",
          "link": "http://office-cdn-1.xialiwei.com/d0a42ad84c8e455abe9d7ad5c4618224_s_0aaa155d88b681f57f21d71d4bee3ecb",
          "cdn_type": "public"
        },
        {
          "name": "彭庄煤矿2022年防灭火设计3.16.docx",
          "path": "d0a42ad84c8e455abe9d7ad5c4618224/upload_ready/test/通防资料/防灭火资料/彭庄煤矿2022年防灭火设计3.16.docx",
          "md5": "067d85a105b08c3fa3704968d55dafdf",
          "link": "http://office-cdn-1.xialiwei.com/d0a42ad84c8e455abe9d7ad5c4618224_s_067d85a105b08c3fa3704968d55dafdf",
          "cdn_type": "public"
        },
        {
          "name": "4307防灭火一面一策方案.doc",
          "path": "d0a42ad84c8e455abe9d7ad5c4618224/upload_ready/test/通防资料/防灭火资料/4307防灭火一面一策方案.doc",
          "md5": "e2661ecdc7499e24e3364de5ffc3da3b",
          "link": "http://office-cdn-1.xialiwei.com/d0a42ad84c8e455abe9d7ad5c4618224_s_e2661ecdc7499e24e3364de5ffc3da3b",
          "cdn_type": "public"
        },
        {
          "name": ".~密闭检查报表2022.07.26-07.31.xlsx",
          "path": "d0a42ad84c8e455abe9d7ad5c4618224/upload_ready/test/通防资料/防灭火资料/.~密闭检查报表2022.07.26-07.31.xlsx",
          "md5": "5a2259858bf8c4197643625d7a4ac47c",
          "link": "http://office-cdn-1.xialiwei.com/d0a42ad84c8e455abe9d7ad5c4618224_s_5a2259858bf8c4197643625d7a4ac47c",
          "cdn_type": "public"
        },
        {
          "name": "1311工作面注氮安全技术措施.doc",
          "path": "d0a42ad84c8e455abe9d7ad5c4618224/upload_ready/test/通防资料/防灭火资料/1311工作面注氮安全技术措施.doc",
          "md5": "b9af7b060633dacfd408703161687c0e",
          "link": "http://office-cdn-1.xialiwei.com/d0a42ad84c8e455abe9d7ad5c4618224_s_b9af7b060633dacfd408703161687c0e",
          "cdn_type": "public"
        },
        {
          "name": ".~密闭检查报表2022.08.02-0.8.07.xlsx",
          "path": "d0a42ad84c8e455abe9d7ad5c4618224/upload_ready/test/通防资料/防灭火资料/.~密闭检查报表2022.08.02-0.8.07.xlsx",
          "md5": "5a2259858bf8c4197643625d7a4ac47c",
          "link": "http://office-cdn-1.xialiwei.com/d0a42ad84c8e455abe9d7ad5c4618224_s_5a2259858bf8c4197643625d7a4ac47c",
          "cdn_type": "public"
        },
        {
          "name": "密闭检查报表2022.08.02-0.8.07.xlsx",
          "path": "d0a42ad84c8e455abe9d7ad5c4618224/upload_ready/test/通防资料/防灭火资料/密闭检查报表2022.08.02-0.8.07.xlsx",
          "md5": "8f2b752b0a6c17fa80ba9b60fd92bcf8",
          "link": "http://office-cdn-1.xialiwei.com/d0a42ad84c8e455abe9d7ad5c4618224_s_8f2b752b0a6c17fa80ba9b60fd92bcf8",
          "cdn_type": "public"
        }
      ]
    },
    {
      "root": "upload_ready/test/通防资料/瓦斯资料",
      "dirs": [],
      "files": [
        ".~10月份瓦斯、配电点、密闭设点计划.xlsx",
        "4306轨道运输巷排放瓦斯辨识报告(上报).doc",
        "配电点瓦斯检查2022.10.10-10.16.xls",
        "10月份瓦斯巡回检查时间表(2).dwg",
        ".~配电点瓦斯检查2022.10.10-10.16.xls",
        "2020彭庄瓦斯等级鉴定总结报告.doc",
        "2022年彭庄煤矿瓦斯防治技术方案及措施.doc",
        "4306轨道运输巷启封密闭恢复通风安全技术措施.doc",
        "10月份瓦斯、配电点、密闭设点计划.xlsx",
        "2022年10月瓦斯设点变更计划 10.16.doc"
      ],
      "files_data": [
        {
          "name": ".~10月份瓦斯、配电点、密闭设点计划.xlsx",
          "path": "d0a42ad84c8e455abe9d7ad5c4618224/upload_ready/test/通防资料/瓦斯资料/.~10月份瓦斯、配电点、密闭设点计划.xlsx",
          "md5": "5a2259858bf8c4197643625d7a4ac47c",
          "link": "http://office-cdn-1.xialiwei.com/d0a42ad84c8e455abe9d7ad5c4618224_s_5a2259858bf8c4197643625d7a4ac47c",
          "cdn_type": "public"
        },
        {
          "name": "4306轨道运输巷排放瓦斯辨识报告(上报).doc",
          "path": "d0a42ad84c8e455abe9d7ad5c4618224/upload_ready/test/通防资料/瓦斯资料/4306轨道运输巷排放瓦斯辨识报告(上报).doc",
          "md5": "8e543b82114e09e476bace7b7644e0a5",
          "link": "http://office-cdn-1.xialiwei.com/d0a42ad84c8e455abe9d7ad5c4618224_s_8e543b82114e09e476bace7b7644e0a5",
          "cdn_type": "public"
        },
        {
          "name": "配电点瓦斯检查2022.10.10-10.16.xls",
          "path": "d0a42ad84c8e455abe9d7ad5c4618224/upload_ready/test/通防资料/瓦斯资料/配电点瓦斯检查2022.10.10-10.16.xls",
          "md5": "d35807ed1e619bfd3cbe5179ec633cd6",
          "link": "http://office-cdn-1.xialiwei.com/d0a42ad84c8e455abe9d7ad5c4618224_s_d35807ed1e619bfd3cbe5179ec633cd6",
          "cdn_type": "public"
        },
        {
          "name": "10月份瓦斯巡回检查时间表(2).dwg",
          "path": "d0a42ad84c8e455abe9d7ad5c4618224/upload_ready/test/通防资料/瓦斯资料/10月份瓦斯巡回检查时间表(2).dwg",
          "md5": "2a8088119d50e223cf60342efaee8852",
          "link": "http://office-cdn-1.xialiwei.com/d0a42ad84c8e455abe9d7ad5c4618224_s_2a8088119d50e223cf60342efaee8852",
          "cdn_type": "public"
        },
        {
          "name": ".~配电点瓦斯检查2022.10.10-10.16.xls",
          "path": "d0a42ad84c8e455abe9d7ad5c4618224/upload_ready/test/通防资料/瓦斯资料/.~配电点瓦斯检查2022.10.10-10.16.xls",
          "md5": "d41d8cd98f00b204e9800998ecf8427e",
          "link": "http://office-cdn-1.xialiwei.com/d0a42ad84c8e455abe9d7ad5c4618224_s_d41d8cd98f00b204e9800998ecf8427e",
          "cdn_type": "public"
        },
        {
          "name": "2020彭庄瓦斯等级鉴定总结报告.doc",
          "path": "d0a42ad84c8e455abe9d7ad5c4618224/upload_ready/test/通防资料/瓦斯资料/2020彭庄瓦斯等级鉴定总结报告.doc",
          "md5": "664cd76a66ed765acf70447180286cf8",
          "link": "http://office-cdn-1.xialiwei.com/d0a42ad84c8e455abe9d7ad5c4618224_s_664cd76a66ed765acf70447180286cf8",
          "cdn_type": "public"
        },
        {
          "name": "2022年彭庄煤矿瓦斯防治技术方案及措施.doc",
          "path": "d0a42ad84c8e455abe9d7ad5c4618224/upload_ready/test/通防资料/瓦斯资料/2022年彭庄煤矿瓦斯防治技术方案及措施.doc",
          "md5": "e111e007c0ebe3fcd89bb8e01ff73ae7",
          "link": "http://office-cdn-1.xialiwei.com/d0a42ad84c8e455abe9d7ad5c4618224_s_e111e007c0ebe3fcd89bb8e01ff73ae7",
          "cdn_type": "public"
        },
        {
          "name": "4306轨道运输巷启封密闭恢复通风安全技术措施.doc",
          "path": "d0a42ad84c8e455abe9d7ad5c4618224/upload_ready/test/通防资料/瓦斯资料/4306轨道运输巷启封密闭恢复通风安全技术措施.doc",
          "md5": "734db2612a671709b378e8a19238a66e",
          "link": "http://office-cdn-1.xialiwei.com/d0a42ad84c8e455abe9d7ad5c4618224_s_734db2612a671709b378e8a19238a66e",
          "cdn_type": "public"
        },
        {
          "name": "10月份瓦斯、配电点、密闭设点计划.xlsx",
          "path": "d0a42ad84c8e455abe9d7ad5c4618224/upload_ready/test/通防资料/瓦斯资料/10月份瓦斯、配电点、密闭设点计划.xlsx",
          "md5": "ccee95dfd7de92bdf4090d050eb8bc06",
          "link": "http://office-cdn-1.xialiwei.com/d0a42ad84c8e455abe9d7ad5c4618224_s_ccee95dfd7de92bdf4090d050eb8bc06",
          "cdn_type": "public"
        },
        {
          "name": "2022年10月瓦斯设点变更计划 10.16.doc",
          "path": "d0a42ad84c8e455abe9d7ad5c4618224/upload_ready/test/通防资料/瓦斯资料/2022年10月瓦斯设点变更计划 10.16.doc",
          "md5": "87a77274f9b44739271ed4fab572c464",
          "link": "http://office-cdn-1.xialiwei.com/d0a42ad84c8e455abe9d7ad5c4618224_s_87a77274f9b44739271ed4fab572c464",
          "cdn_type": "public"
        }
      ]
    }
  ]
}