{"http:oAUZmGaVbXLBrfWW5MykZ2_Wr9kmS4FB_1Ij3mpo:ofcourse-secret": {"upHosts": ["http://up-cn-east-2.qiniup.com", "http://upload-cn-east-2.qiniup.com", "-H upload-cn-east-2.qiniup.com http://122.228.235.99"], "ioHosts": ["http://iovip-cn-east-2.qiniuio.com"], "deadline": 1663943247}, "http:oAUZmGaVbXLBrfWW5MykZ2_Wr9kmS4FB_1Ij3mpo:ofcourse-office-1": {"upHosts": ["http://up-z1.qiniu.com", "http://upload-z1.qiniu.com", "-H up-z1.qiniu.com http://106.38.227.28"], "ioHosts": ["http://iovip-z1.qbox.me"], "deadline": 1666444260}}