{
  "folder_name": "通风设施类",
  "block_id": "ee7842592b884349a26bdd72423d23bd",
  "data": [
    {
      "name": ".~密闭管理台账(新编）2022.10.2(1).xlsx",
      "path": "ee7842592b884349a26bdd72423d23bd/upload_ready/通风设施类/.~密闭管理台账(新编）2022.10.2(1).xlsx",
      "md5": "5a2259858bf8c4197643625d7a4ac47c",
      "link": "http://office-cdn-1.xialiwei.com/ee7842592b884349a26bdd72423d23bd_s_5a2259858bf8c4197643625d7a4ac47c",
      "cdn_type": "public"
    },
    {
      "name": "通风设施（风门）管理台账2022.09.28.xls",
      "path": "ee7842592b884349a26bdd72423d23bd/upload_ready/通风设施类/通风设施（风门）管理台账2022.09.28.xls",
      "md5": "9dde5ff1de2766dc711ea48794ba7266",
      "link": "http://office-cdn-1.xialiwei.com/ee7842592b884349a26bdd72423d23bd_s_9dde5ff1de2766dc711ea48794ba7266",
      "cdn_type": "public"
    },
    {
      "name": "密闭管理台账(新编）2022.10.2(1).xlsx",
      "path": "ee7842592b884349a26bdd72423d23bd/upload_ready/通风设施类/密闭管理台账(新编）2022.10.2(1).xlsx",
      "md5": "d570a397b70dc56386c106ce25e5da20",
      "link": "http://office-cdn-1.xialiwei.com/ee7842592b884349a26bdd72423d23bd_s_d570a397b70dc56386c106ce25e5da20",
      "cdn_type": "public"
    },
    {
      "name": ".~通风设施（风门）管理台账2022.09.28.xls",
      "path": "ee7842592b884349a26bdd72423d23bd/upload_ready/通风设施类/.~通风设施（风门）管理台账2022.09.28.xls",
      "md5": "d41d8cd98f00b204e9800998ecf8427e",
      "link": "http://office-cdn-1.xialiwei.com/ee7842592b884349a26bdd72423d23bd_s_d41d8cd98f00b204e9800998ecf8427e",
      "cdn_type": "public"
    }
  ],
  "tree": [
    {
      "root": "upload_ready/通风设施类",
      "dirs": [],
      "files": [
        ".~密闭管理台账(新编）2022.10.2(1).xlsx",
        "通风设施（风门）管理台账2022.09.28.xls",
        "密闭管理台账(新编）2022.10.2(1).xlsx",
        ".~通风设施（风门）管理台账2022.09.28.xls"
      ],
      "files_data": [
        {
          "name": ".~密闭管理台账(新编）2022.10.2(1).xlsx",
          "path": "ee7842592b884349a26bdd72423d23bd/upload_ready/通风设施类/.~密闭管理台账(新编）2022.10.2(1).xlsx",
          "md5": "5a2259858bf8c4197643625d7a4ac47c",
          "link": "http://office-cdn-1.xialiwei.com/ee7842592b884349a26bdd72423d23bd_s_5a2259858bf8c4197643625d7a4ac47c",
          "cdn_type": "public"
        },
        {
          "name": "通风设施（风门）管理台账2022.09.28.xls",
          "path": "ee7842592b884349a26bdd72423d23bd/upload_ready/通风设施类/通风设施（风门）管理台账2022.09.28.xls",
          "md5": "9dde5ff1de2766dc711ea48794ba7266",
          "link": "http://office-cdn-1.xialiwei.com/ee7842592b884349a26bdd72423d23bd_s_9dde5ff1de2766dc711ea48794ba7266",
          "cdn_type": "public"
        },
        {
          "name": "密闭管理台账(新编）2022.10.2(1).xlsx",
          "path": "ee7842592b884349a26bdd72423d23bd/upload_ready/通风设施类/密闭管理台账(新编）2022.10.2(1).xlsx",
          "md5": "d570a397b70dc56386c106ce25e5da20",
          "link": "http://office-cdn-1.xialiwei.com/ee7842592b884349a26bdd72423d23bd_s_d570a397b70dc56386c106ce25e5da20",
          "cdn_type": "public"
        },
        {
          "name": ".~通风设施（风门）管理台账2022.09.28.xls",
          "path": "ee7842592b884349a26bdd72423d23bd/upload_ready/通风设施类/.~通风设施（风门）管理台账2022.09.28.xls",
          "md5": "d41d8cd98f00b204e9800998ecf8427e",
          "link": "http://office-cdn-1.xialiwei.com/ee7842592b884349a26bdd72423d23bd_s_d41d8cd98f00b204e9800998ecf8427e",
          "cdn_type": "public"
        }
      ]
    }
  ]
}